elapsed_seconds,source_rss_bytes,target_rss_bytes,source_cpu_seconds,target_cpu_seconds
0.001,232914944,430080,0.000,0.000
0.201,232943616,11280384,0.120,0.020
0.403,233009152,11313152,0.300,0.020
0.604,233025536,11313152,0.480,0.030
0.804,233025536,11313152,0.600,0.030
1.005,233025536,11313152,0.840,0.030
1.206,233160704,11313152,0.990,0.030
1.406,233160704,11313152,1.170,0.030
1.607,233160704,11313152,1.320,0.030
1.808,233381888,11313152,1.470,0.030
2.008,233414656,11313152,1.660,0.030
2.209,233414656,11313152,1.830,0.040
2.410,233414656,11313152,2.010,0.040
2.610,233414656,11313152,2.150,0.040
2.811,233414656,11313152,2.290,0.040
3.012,233414656,11313152,2.490,0.050
3.212,233414656,11317248,2.670,0.050
3.413,233414656,11321344,2.780,0.050
3.614,233414656,11329536,2.960,0.060
3.814,233426944,145555456,3.070,0.200
4.015,233426944,145555456,3.220,0.400
4.215,233426944,145555456,3.300,0.610
4.415,233426944,145555456,3.350,0.800
4.615,233426944,145555456,3.450,1.000
4.816,233426944,145555456,3.520,1.200
5.016,233426944,145555456,3.600,1.400
5.216,233426944,145555456,3.700,1.600
5.417,233426944,145555456,3.760,1.800
5.617,233439232,145555456,3.820,2.000
5.817,233439232,145555456,3.890,2.200
6.018,233439232,145555456,3.960,2.400
6.218,233439232,145555456,4.040,2.600
6.418,233439232,145555456,4.090,2.800
6.619,233439232,145555456,4.170,3.000
6.819,233439232,145555456,4.250,3.200
7.019,233439232,145555456,4.310,3.400
7.219,233439232,145555456,4.370,3.600
7.420,233439232,145555456,4.440,3.800
7.620,233439232,145555456,4.510,4.000
7.821,233439232,145559552,4.590,4.180
8.021,233439232,145559552,4.720,4.180
8.222,233439232,145575936,4.860,4.240
8.423,233537536,145575936,5.020,4.440
8.623,233537536,145580032,5.090,4.640
8.823,233537536,145580032,5.180,4.840
9.023,233537536,145580032,5.230,5.030
9.224,233537536,145580032,5.310,5.240
9.424,233537536,145580032,5.380,5.430
9.624,233537536,145580032,5.440,5.630
9.825,233537536,145580032,5.510,5.830
10.025,233537536,145580032,5.570,6.030
10.225,233537536,145580032,5.630,6.230
10.426,233549824,145580032,5.700,6.430
10.626,233549824,145580032,5.760,6.630
10.826,233549824,145580032,5.830,6.830
11.027,233549824,145580032,5.890,7.040
11.227,233549824,145580032,5.970,7.240
11.427,233549824,145580032,6.040,7.440
11.628,233549824,145580032,6.090,7.640
11.828,233549824,145580032,6.180,7.840
12.028,233549824,145580032,6.240,8.040
12.229,233549824,145588224,6.290,8.160
12.429,233549824,145588224,6.460,8.170
12.630,233549824,145596416,6.580,8.250
12.830,233549824,145600512,6.740,8.450
13.031,233549824,145645568,6.830,8.570
13.232,233549824,145645568,6.990,8.570
13.432,233549824,145666048,7.120,8.570
13.633,233549824,145666048,7.260,8.580
13.833,233549824,148434944,7.440,8.680
14.034,233549824,148434944,7.580,8.680
14.235,233549824,160235520,7.760,8.760
14.435,233549824,160235520,7.930,8.770
14.636,233549824,161320960,8.040,8.790
14.836,233549824,163418112,8.210,8.860
15.037,233549824,163422208,8.340,8.860
15.238,233549824,164503552,8.490,8.940
15.439,233549824,164503552,8.680,8.940
15.639,233549824,165523456,8.820,8.950
15.840,233549824,168669184,8.980,9.020
16.041,233549824,168669184,9.120,9.030
16.241,233549824,170766336,9.310,9.090
16.442,233549824,170766336,9.460,9.090
16.642,233549824,171855872,9.610,9.170
16.843,233549824,171855872,9.780,9.180
17.044,233615360,171855872,9.960,9.190
17.245,233615360,174960640,10.150,9.270
17.446,233615360,174960640,10.350,9.270
17.646,233615360,174960640,10.450,9.330
17.847,233615360,174964736,10.630,9.350
18.047,233615360,174964736,10.750,9.380
18.248,233615360,174964736,10.970,9.450
18.449,233615360,174964736,11.130,9.450
18.649,233615360,177061888,11.250,9.530
18.850,233615360,177061888,11.420,9.530
19.051,233676800,177061888,11.610,9.610
19.251,233676800,177061888,11.780,9.610
19.452,233676800,177061888,12.000,9.620
19.653,233676800,177061888,12.140,9.710
19.853,233676800,177061888,12.290,9.710
20.054,233676800,177061888,12.470,9.790
20.255,233676800,177061888,12.650,9.790
20.455,233676800,177061888,12.870,9.880
20.656,233676800,177061888,13.030,9.880
20.856,233676800,177078272,13.170,9.910
21.057,233676800,177078272,13.290,9.960
21.258,233676800,177078272,13.460,9.970
21.458,233676800,177078272,13.670,10.060
21.659,233676800,177078272,13.810,10.060
21.860,233676800,177078272,13.970,10.120
22.061,233676800,177078272,14.150,10.140
22.261,233676800,177094656,14.360,10.190
22.462,233676800,177094656,14.580,10.240
22.663,233676800,177094656,14.740,10.240
22.864,233676800,177242112,14.910,10.320
23.065,233676800,177242112,15.070,10.320
23.265,233676800,177242112,15.250,10.340
23.466,233676800,178335744,15.440,10.420
23.667,233676800,178335744,15.590,10.420
23.867,233676800,178335744,15.760,10.490
24.068,233676800,178335744,15.930,10.490
24.269,233676800,178335744,16.160,10.550
24.470,233676800,178335744,16.320,10.590
24.670,233676800,178335744,16.450,10.590
24.871,233676800,178335744,16.600,10.660
25.072,233676800,178335744,16.750,10.660
25.272,233676800,178335744,16.920,10.740
25.473,233676800,178335744,17.090,10.750
25.674,233676800,178335744,17.240,10.750
25.874,233676800,178405376,17.410,10.820
26.075,233676800,178405376,17.540,10.820
26.276,233676800,178405376,17.760,10.900
26.476,233676800,178405376,17.900,10.900
26.677,233676800,178405376,18.070,10.900
26.878,233676800,178405376,18.220,10.970
27.078,233676800,178405376,18.400,10.970
27.279,233676800,178405376,18.610,11.060
27.480,233676800,178405376,18.780,11.060
27.681,233676800,178405376,18.970,11.110
27.881,233914368,178405376,19.090,11.130
28.082,233934848,178405376,19.260,11.130
28.283,233971712,178405376,19.430,11.210
28.483,233971712,178405376,19.610,11.220
28.684,233971712,178405376,19.750,11.250
28.885,233971712,178405376,19.940,11.300
29.086,233971712,178405376,20.100,11.300
29.286,233971712,178405376,20.310,11.390
29.487,233971712,178405376,20.470,11.390
29.688,233971712,178421760,20.650,11.420
29.888,233971712,178421760,20.830,11.480
30.089,233971712,178421760,21.020,11.480
30.290,234987520,178421760,21.220,11.580
30.490,234987520,178421760,21.400,11.580
30.691,234987520,178421760,21.600,11.590
30.892,234987520,178421760,21.780,11.670
31.092,234987520,178421760,21.960,11.670
31.293,234987520,178421760,22.130,11.760
31.494,234987520,178421760,22.290,11.760
31.694,234987520,178421760,22.430,11.780
31.895,234987520,178421760,22.610,11.830
32.095,234987520,178421760,22.790,11.830
32.298,234987520,178421760,22.990,11.940
32.499,235003904,178421760,23.190,11.950
32.699,235003904,178421760,23.340,11.950
32.900,235003904,178421760,23.500,12.020
33.101,235003904,178421760,23.670,12.020
33.302,235003904,178491392,23.810,12.040
33.502,235003904,178491392,23.980,12.090
33.703,235003904,178491392,24.130,12.100
33.903,235003904,178491392,24.300,12.180
34.104,235003904,178491392,24.430,12.180
34.305,235003904,178491392,24.590,12.250
34.505,235003904,178491392,24.740,12.260
34.706,235003904,178491392,24.880,12.280
34.906,235003904,178491392,25.050,12.340
35.107,235003904,178491392,25.190,12.340
35.307,235003904,178491392,25.390,12.430
35.508,235003904,178491392,25.540,12.430
35.709,235003904,178491392,25.690,12.460
35.909,235003904,178491392,25.860,12.510
36.110,235003904,178491392,26.020,12.520
36.311,235003904,178638848,26.240,12.610
36.511,235003904,178638848,26.410,12.610
36.712,235003904,178638848,26.590,12.620
36.913,235003904,178638848,26.780,12.680
37.114,235003904,178638848,26.970,12.690
37.314,235003904,178638848,27.170,12.780
37.515,235003904,178638848,27.330,12.790
37.716,235003904,178638848,27.500,12.800
37.916,235003904,178638848,27.690,12.870
38.117,235003904,178638848,27.860,12.880
38.317,235003904,178642944,28.040,12.960
38.518,235003904,178642944,28.200,12.960
38.719,235003904,178642944,28.330,13.010
38.919,235003904,178642944,28.520,13.050
39.120,235003904,178642944,28.660,13.060
39.321,235073536,178642944,28.830,13.160
39.521,235073536,178642944,29.020,13.160
39.722,235098112,178642944,29.130,13.230
39.923,235098112,178642944,29.320,13.240
40.123,235098112,178642944,29.470,13.300
40.324,235098112,178642944,29.650,13.330
40.524,235098112,178642944,29.830,13.330
40.725,235098112,178642944,29.990,13.410
40.926,235098112,178642944,30.150,13.420
41.126,235098112,178642944,30.290,13.460
41.327,235098112,178642944,30.500,13.500
41.528,235098112,178642944,30.640,13.500
41.728,235098112,178642944,30.800,13.580
41.929,235098112,178642944,30.980,13.580
42.131,235098112,178642944,31.120,13.630
42.331,235098112,178642944,31.300,13.680
42.532,235098112,178642944,31.470,13.680
42.733,235098112,178642944,31.640,13.760
42.933,235098112,178642944,31.800,13.760
43.134,235098112,178642944,31.950,13.820
43.335,235098112,178642944,32.140,13.840
43.536,235098112,178642944,32.280,13.850
43.736,235098112,178642944,32.400,13.930
43.937,235098112,178642944,32.570,13.930
44.137,235098112,178642944,32.740,13.990
44.338,235098112,178642944,32.890,14.020
44.539,235098112,178642944,33.160,14.030
44.740,235098112,178642944,33.260,14.070
44.940,235098112,178642944,33.430,14.070
45.141,235098112,151379968,33.610,14.230
45.342,235098112,178642944,33.780,14.430
45.542,235098112,178708480,33.890,14.620
45.742,235098112,143171584,34.000,14.830
45.943,235098112,44605440,34.060,15.030
46.143,235098112,181927936,34.140,15.230
46.343,235098112,56098816,34.230,15.430
46.543,235098112,47706112,34.300,15.630
46.744,235098112,184025088,34.370,15.830
46.944,235098112,83361792,34.420,16.020
47.144,235098112,49803264,34.490,16.220
47.345,235098112,184070144,34.550,16.430
47.545,235098112,50057216,34.620,16.620
47.745,235098112,50905088,34.670,16.820
47.946,235098112,129499136,34.740,17.030
48.146,235098112,53997568,34.820,17.230
48.346,235098112,188219392,34.860,17.420
48.547,235098112,57196544,34.940,17.630
48.747,235098112,191418368,35.000,17.830
48.947,235098112,62386176,35.070,18.030
49.147,235098112,196608000,35.140,18.230
49.348,235098112,64483328,35.200,18.430
49.548,235098112,198705152,35.280,18.630
49.748,235098112,66580480,35.330,18.830
49.949,235098112,200802304,35.410,19.030
50.149,235098112,66580480,35.470,19.230
50.349,235098112,200802304,35.530,19.440
50.550,235098112,68677632,35.600,19.640
50.750,235098112,202899456,35.650,19.840
50.950,235098112,68677632,35.710,20.040
51.150,235098112,202899456,35.770,20.230
51.351,235098112,68734976,35.820,20.440
51.551,235098112,202956800,35.890,20.640
51.751,235098112,88727552,35.950,20.840
51.951,235098112,69787648,36.010,21.040
52.152,235098112,88768512,36.100,21.240
52.352,235098112,90869760,36.150,21.440
52.552,235098112,204009472,36.220,21.640
52.753,235098112,69787648,36.280,21.840
52.953,235098112,69787648,36.350,22.040
53.153,235098112,90877952,36.410,22.240
53.353,235098112,92979200,36.470,22.440
53.554,235098112,204009472,36.510,22.640
53.754,235098112,69787648,36.590,22.840
53.954,235098112,69787648,36.650,23.040
54.155,235098112,92987392,36.720,23.250
54.355,235098112,95088640,36.790,23.440
54.555,235098112,204009472,36.850,23.650
54.755,235098112,95088640,36.920,23.850
54.956,235098112,95096832,36.970,24.050
55.156,235098112,204009472,37.020,24.250
55.356,235098112,69787648,37.090,24.440
55.557,235098112,97198080,37.150,24.640
55.757,235098112,69791744,37.230,24.840
55.957,235098112,69791744,37.300,25.040
56.158,235098112,72871936,37.360,25.240
56.358,235098112,100282368,37.430,25.440
56.558,235098112,72871936,37.490,25.640
56.758,235098112,72871936,37.560,25.840
56.959,235098112,72871936,37.620,26.050
57.159,235098112,102387712,37.710,26.250
57.359,235098112,102391808,37.770,26.450
57.560,235098112,209190912,37.830,26.650
57.760,235098112,104488960,37.890,26.850
57.960,235098112,106594304,37.940,27.050
58.160,235098112,209190912,38.010,27.240
58.361,235098112,106594304,38.070,27.450
58.561,235098112,106598400,38.150,27.650
58.761,235098112,209235968,38.220,27.850
58.962,235098112,106651648,38.300,28.050
59.163,235098112,107536384,38.370,28.250
59.363,235098112,76066816,38.430,28.450
59.563,235098112,108589056,38.500,28.650
59.764,235098112,76075008,38.570,28.860
59.964,235098112,109645824,38.620,29.060
60.164,235098112,213385216,38.700,29.250
60.364,235098112,112726016,38.760,29.450
60.565,235098112,115257344,38.820,29.660
60.765,235098112,213385216,38.880,29.860
60.965,235098112,115257344,38.930,30.060
61.166,235098112,79163392,39.000,30.260
61.366,235098112,115261440,39.090,30.460
61.566,235098112,213434368,39.160,30.660
61.766,235098112,115322880,39.250,30.860
61.967,235098112,117432320,39.300,31.060
62.167,235098112,80257024,39.370,31.260
62.367,235098112,118476800,39.420,31.460
62.568,235098112,118476800,39.480,31.660
62.768,235098112,118497280,39.560,31.860
62.968,235098112,217579520,39.610,32.060
63.168,235098112,121581568,39.670,32.260
63.369,235098112,123691008,39.740,32.460
63.569,235098112,123691008,39.790,32.670
63.769,235098112,100204544,39.860,32.870
63.970,235098112,123691008,39.910,33.070
64.170,235098112,123703296,39.980,33.260
64.370,235098112,83357696,40.050,33.460
64.570,235098112,123703296,40.110,33.660
64.771,235098112,83357696,40.180,33.870
64.971,235098112,125812736,40.250,34.070
65.171,235098112,219676672,40.320,34.270
65.372,235098112,127909888,40.390,34.470
65.572,235098112,85454848,40.460,34.670
65.772,235098112,127926272,40.530,34.880
65.972,235098112,219721728,40.600,35.070
66.173,235098112,127983616,40.660,35.280
66.373,235098112,85512192,40.740,35.470
66.573,235098112,130097152,40.800,35.670
66.773,235098112,220774400,40.860,35.870
66.974,235098112,131145728,40.910,36.070
67.174,235098112,105672704,40.990,36.270
67.375,235098112,131149824,41.050,36.480
67.575,235098112,223870976,41.100,36.670
67.775,235098112,134234112,41.160,36.880
67.976,235098112,136347648,41.220,37.070
68.176,235098112,136347648,41.270,37.270
68.376,235098112,223870976,41.340,37.470
68.576,235098112,136347648,41.400,37.680
68.777,235098112,136359936,41.450,37.870
68.977,235098112,136359936,41.510,38.070
69.177,235098112,223920128,41.560,38.280
69.378,235098112,136409088,41.640,38.470
69.578,235098112,138522624,41.690,38.680
69.778,235098112,138522624,41.760,38.880
69.978,235098112,224964608,41.840,39.070
70.179,235098112,139579392,41.900,39.280
70.379,235098112,139579392,41.980,39.480
70.579,235098112,139587584,42.040,39.680
70.780,235098112,93843456,42.100,39.880
70.980,235098112,142675968,42.180,40.080
71.180,235098112,142675968,42.220,40.280
71.380,235098112,144789504,42.280,40.480
71.581,235098112,93843456,42.340,40.680
71.781,235098112,144789504,42.390,40.880
71.981,235098112,144789504,42.450,41.090
72.181,235098112,144801792,42.500,41.280
72.382,235098112,144801792,42.570,41.480
72.582,235098112,228065280,42.640,41.680
72.782,235098112,144801792,42.700,41.880
72.982,235098112,146915328,42.770,42.080
73.183,235098112,146915328,42.830,42.290
73.383,235098112,230162432,42.890,42.490
73.583,235098112,149012480,42.960,42.680
73.784,235098112,149012480,43.030,42.880
73.984,235098112,149016576,43.110,43.090
74.184,235098112,149016576,43.180,43.290
74.384,235098112,95985664,43.230,43.490
74.585,235098112,149073920,43.300,43.690
74.785,235098112,151183360,43.340,43.890
74.985,235098112,151183360,43.410,44.090
75.185,235098112,231260160,43.460,44.290
75.386,235098112,152236032,43.510,44.490
75.586,235098112,152236032,43.560,44.690
75.786,235098112,152252416,43.630,44.890
75.987,235098112,97050624,43.670,45.100
76.187,235098112,152252416,43.740,45.290
76.387,235098112,152252416,43.800,45.490
76.587,235098112,154361856,43.860,45.700
76.788,235098112,154361856,43.930,45.900
76.988,235098112,234356736,43.990,46.090
77.188,235098112,157446144,44.050,46.300
77.389,235098112,157446144,44.110,46.500
77.589,235098112,157458432,44.180,46.700
77.789,235098112,157458432,44.250,46.900
77.989,235098112,234405888,44.310,47.100
78.190,235098112,157519872,44.370,47.300
78.390,235098112,100196352,44.430,47.500
78.590,235098112,159629312,44.490,47.700
78.791,235098112,101228544,44.540,47.900
78.991,235098112,160673792,44.610,48.100
79.191,235098112,160673792,44.670,48.300
79.392,235098112,160690176,44.730,48.500
79.592,235098112,160690176,44.780,48.700
79.792,235098112,238551040,44.850,48.910
79.992,235098112,163778560,44.910,49.100
80.193,235098112,163778560,44.990,49.300
80.393,235098112,165888000,45.080,49.510
80.593,235098112,165888000,45.160,49.710
80.794,235098112,173539328,45.220,49.900
80.994,235098112,165888000,45.290,50.110
81.194,235098112,165888000,45.350,50.310
81.395,235098112,165892096,45.400,50.520
81.595,235098112,165892096,45.480,50.720
81.795,235098112,186122240,45.550,50.910
81.995,235098112,167989248,45.600,51.110
82.196,235098112,167989248,45.690,51.310
82.396,235098112,170102784,45.770,51.520
82.596,235098112,170102784,45.830,51.720
82.797,235098112,106426368,45.900,51.920
82.997,235098112,170102784,45.970,52.110
83.197,235098112,170102784,46.040,52.310
83.398,235098112,106426368,46.110,52.520
83.598,235098112,170115072,46.170,52.720
83.798,235098112,170115072,46.240,52.920
83.998,235098112,123592704,46.270,53.110
84.199,235098112,170172416,46.350,53.320
84.399,235098112,106483712,46.380,53.520
84.599,235098112,172285952,46.460,53.730
84.800,235098112,172285952,46.530,53.930
85.000,235098112,241745920,46.590,54.120
85.200,235098112,173338624,46.660,54.320
85.400,235098112,173338624,46.700,54.520
85.601,235098112,173346816,46.770,54.720
85.801,235098112,173346816,46.830,54.920
86.001,235098112,241758208,46.880,55.130
86.201,235098112,173346816,46.960,55.330
86.402,235098112,173346816,46.990,55.530
86.602,235098112,173617152,47.050,55.720
86.802,235098112,173617152,47.110,55.920
87.003,235098112,244842496,47.180,56.130
87.203,235098112,176697344,47.240,56.330
87.403,235098112,176697344,47.300,56.530
87.603,235098112,177745920,47.360,56.730
87.804,235098112,177745920,47.420,56.930
88.004,235098112,129499136,47.480,57.130
88.204,235098112,177745920,47.570,57.340
88.404,235098112,177745920,47.650,57.540
88.605,235098112,110620672,47.710,57.740
88.805,235098112,178794496,47.770,57.930
89.005,235098112,178794496,47.830,58.130
89.206,235098112,125427712,47.900,58.330
89.406,235098112,154787840,47.950,58.530
89.606,235098112,184147968,48.010,58.730
89.806,235098112,213495808,48.070,58.930
90.007,235098112,239714304,48.120,59.140
