# date=2026-10-09, cpu=Intel Core i7-8550U, rustc=1.99.0, llvm=23.1.1, profile=bench, features=mainnet, cpu_target=default
# samples=5, warmup=1, verify_rounds=100, arch=x86_64, os=linux, threads=8
case,operation,median_ms,min_ms,max_ms
# setup: mining and signing fixtures outside timed region
# mixed_small: operations=12, outputs_per_tx=1, bytes=143093, weight=143093, limit=2097152
# mixed_small: sample 0/5 complete
# mixed_small: sample 1/5 complete
# mixed_small: sample 2/5 complete
# mixed_small: sample 3/5 complete
# mixed_small: sample 4/5 complete
# mixed_small: sample 5/5 complete
mixed_small,apply_block_including_pow,98.752609,98.134936,99.928034
# mixed_near_limit_many_outputs: operations=12, outputs_per_tx=3800, bytes=2012201, weight=2012201, limit=2097152
# mixed_near_limit_many_outputs: sample 0/5 complete
# mixed_near_limit_many_outputs: sample 1/5 complete
# mixed_near_limit_many_outputs: sample 2/5 complete
# mixed_near_limit_many_outputs: sample 3/5 complete
# mixed_near_limit_many_outputs: sample 4/5 complete
# mixed_near_limit_many_outputs: sample 5/5 complete
mixed_near_limit_many_outputs,apply_block_including_pow,269.771231,267.445513,274.017389
